case_id,primary_pool,source_family,source_detail,origin_kind,current_maturity,benchmark_line,package_engineering_status,validated_engines,tri_engine_closure,formal_skeleton_status,release_grade_status,admission_status,next_gap,current_role,archetype_status,dataset_line,promotion_status,admission_blockers,last_review_doc,last_updated,notes_link
PERF_0001,performance,manual_smoke,manual_smoke 锚点（非外部 benchmark）,manual,stable pilot anchor,pilot_anchor,anchor package; 尚未按 formal skeleton validator 全量回扫,pg|mysql|spark,yes,not_backfilled,not_assessed,none_needed,后续统一 package 工艺后再做 schema/validator 回扫,smoke_pipeline_anchor,archetype_complete,common-core,not_applicable_anchor,none_current,NA_anchor,2026-04-18,docs/EXECUTION_STATUS.md
PERF_0002,performance,TPC-DS,query53.tpl，经 dsqgen materialize 成实例,external,admitted external common-core,common-core,formal skeleton complete; release-grade incomplete,pg|mysql|spark,yes,complete,incomplete,admitted,补 canonical AST / logical IR / SQL span→logical→physical mapping；做 characterization / stabilization,first_external_perf_reference,admitted_common_core,common-core,admitted_common_core,none_current,benchmark_spec/reviews/BATCH1_EXTERNAL_CASE_REVIEW_v1.md,2026-04-18,docs/EXECUTION_STATUS.md
PERF_0003,performance,JOB,IMDB 27a.sql,external,PG validated performance draft with positive/negative pair,staged,formal skeleton complete; release-grade incomplete（PG-only validated）,pg,no,complete,incomplete,staged_not_yet_admitted,补 MySQL / Spark closure；再决定是否推进 common-core candidate,pg_validated_perf_draft,witness_validated,not_yet_admitted,not_under_review,missing_mysql_and_spark_closure,NA_not_reviewed,2026-04-18,docs/EXECUTION_STATUS.md
PERF_0004,performance,JOB,IMDB 30b.sql,external,PG validated performance draft with positive/negative pair,staged,formal skeleton complete; release-grade incomplete（PG-only validated）,pg,no,complete,incomplete,staged_not_yet_admitted,补 MySQL / Spark closure；优先看是否复用 PERF_0003 的跨引擎扩展工艺,pg_validated_perf_draft,witness_validated,not_yet_admitted,not_under_review,missing_mysql_and_spark_closure,NA_not_reviewed,2026-04-18,docs/EXECUTION_STATUS.md
PERF_0005,performance,TPC-DS,query52.tpl；manual freeze from TPC-DS template（MONTH=11,YEAR=2001,LIMIT=100）,external,PG witness-validated performance draft with positive/negative pair,staged,formal skeleton complete；release-grade incomplete（PG-only witness validated）,pg,no,complete,incomplete,staged_not_yet_admitted,补PG plan artifacts / analysis artifacts，并推进 MySQL / Spark closure,pg_witness_validated_perf_draft,witness_validated,not_yet_admitted,not_under_review,missing_pg_plan_artifacts_and_mysql_spark_closure,NA_not_reviewed,2026-04-18,cases/PERF/PERF_0005/cases/PERF/PERF_0007/manifest.yaml
PERF_0006,performance,TPC-H,query1.sql；TPC-H Query 1 / Pricing Summary Report Query；manual freeze from qgen template（:1=96 days, cutoff 1998-08-27）,external,draft performance case with executable source frozen；rewrites and validation pending,staged,scaffolded draft（source/provenance and executable source frozen；rewrites/validation pending）, ,no,pre_skeleton,incomplete,staged_not_yet_admitted,补rewrites、DDL/data/checker与首轮执行/计划验证,draft_perf_scaffold,draft_constructed,not_yet_admitted,not_under_review,missing_rewrites_and_validation_evidence,NA_not_reviewed,2026-04-18,cases/PERF/PERF_0006/manifest.yaml
PERF_0007,performance,TPC-H,query6.sql；TPC-H Query 6 / Forecasting Revenue Change Query；unmaterialized qgen template,external,draft performance case with source/provenance populated；rewrites and executable materialization pending,staged,scaffolded draft（source/provenance populated；rewrites/materialization/validation pending）, ,no,pre_skeleton,incomplete,staged_not_yet_admitted,补可执行 source materialization、rewrites、DDL/data/checker、首轮执行与计划验证,draft_perf_scaffold,draft_constructed,not_yet_admitted,not_under_review,missing_materialization_rewrites_and_validation_evidence,NA_not_reviewed,2026-04-18,cases/PERF/PERF_0007/manifest.yaml
PERF_0008,performance,TPC-H,query3.sql；TPC-H Query 3 / Shipping Priority Query；manual frozen instance（:1=MACHINERY；:2=1995-03-27；:n 10=LIMIT 10）,external,PG witness-validated performance draft with positive/negative pair and PG plan artifacts,staged,formal skeleton complete；release-grade incomplete（PG-only witness validated + PG plans）,pg,no,complete,incomplete,staged_not_yet_admitted,推进 MySQL / Spark closure，并补剩余 package hardening,pg_witness_validated_perf_draft,witness_validated,not_yet_admitted,not_under_review,missing_mysql_and_spark_closure_and_release_hardening,NA_not_reviewed,2026-04-19,cases/PERF/PERF_0008/manifest.yaml
PERF_0009,performance,TPC-H,query4.sql；TPC-H Query 4 / Order Priority Checking Query；manual frozen instance（:1=1996-11-01；:n -1=no row limit）,external,PG witness-validated performance draft with positive/negative pair and PG plan artifacts,staged,formal skeleton complete；release-grade incomplete（PG-only witness validated + PG plans）,pg,no,complete,incomplete,staged_not_yet_admitted,推进 MySQL / Spark closure，并补剩余 package hardening,pg_witness_validated_perf_draft,witness_validated,not_yet_admitted,not_under_review,missing_mysql_and_spark_closure_and_release_hardening,NA_not_reviewed,2026-04-19,cases/PERF/PERF_0009/manifest.yaml
PERF_0010,performance,TPC-H,query12.sql；TPC-H Query 12 / Shipping Modes and Order Priority Query；manual frozen instance（:1=REG AIR；:2=RAIL；:3=1993-01-01；:n -1=no row limit）,external,PG witness-validated performance draft with positive/negative pair and PG plan artifacts,staged,formal skeleton complete；release-grade incomplete（PG-only witness validated + PG plans）,pg,no,complete,incomplete,staged_not_yet_admitted,推进 MySQL / Spark closure，并补剩余 package hardening,pg_witness_validated_perf_draft,witness_validated,not_yet_admitted,not_under_review,missing_mysql_and_spark_closure_and_release_hardening,NA_not_reviewed,2026-04-19,cases/PERF/PERF_0010/manifest.yaml
PERF_0011,performance,TPC-H,query14.sql；TPC-H Query 14 / Promotion Effect Query；manual frozen instance（:1=1997-03-01；:n -1=no row limit）,external,PG witness-validated performance draft with positive/negative pair and PG plan artifacts,staged,formal skeleton complete；release-grade incomplete（PG-only witness validated + PG plans）,pg,no,complete,incomplete,staged_not_yet_admitted,推进 MySQL / Spark closure，并补剩余 package hardening,pg_witness_validated_perf_draft,witness_validated,not_yet_admitted,not_under_review,missing_mysql_and_spark_closure_and_release_hardening,NA_not_reviewed,2026-04-19,cases/PERF/PERF_0011/manifest.yaml
PERF_0012,performance,TPC-H,query2.sql；TPC-H Query 2 / Minimum Cost Supplier Query；unmaterialized qgen template,external,draft performance case with source/provenance populated；executable materialization pending,staged,scaffolded draft（source/provenance populated；materialization/rewrites/validation pending）, ,no,pre_skeleton,incomplete,staged_not_yet_admitted,补可执行 source materialization、rewrites、DDL/data/checker、首轮执行与计划验证,draft_perf_scaffold,draft_constructed,not_yet_admitted,not_under_review,missing_materialization_rewrites_and_validation_evidence,NA_not_reviewed,2026-04-19,cases/PERF/PERF_0012/manifest.yaml
PERF_0013,performance,TPC-H,query5.sql；TPC-H Query 5 / Local Supplier Volume Query；unmaterialized qgen template,external,draft performance case with source/provenance populated；executable materialization pending,staged,scaffolded draft（source/provenance populated；materialization/rewrites/validation pending）, ,no,pre_skeleton,incomplete,staged_not_yet_admitted,补可执行 source materialization、rewrites、DDL/data/checker、首轮执行与计划验证,draft_perf_scaffold,draft_constructed,not_yet_admitted,not_under_review,missing_materialization_rewrites_and_validation_evidence,NA_not_reviewed,2026-04-19,cases/PERF/PERF_0013/manifest.yaml
PERF_0014,performance,TPC-H,query7.sql；TPC-H Query 7 / Volume Shipping Query；unmaterialized qgen template,external,draft performance case with source/provenance populated；executable materialization pending,staged,scaffolded draft（source/provenance populated；materialization/rewrites/validation pending）, ,no,pre_skeleton,incomplete,staged_not_yet_admitted,补可执行 source materialization、rewrites、DDL/data/checker、首轮执行与计划验证,draft_perf_scaffold,draft_constructed,not_yet_admitted,not_under_review,missing_materialization_rewrites_and_validation_evidence,NA_not_reviewed,2026-04-19,cases/PERF/PERF_0014/manifest.yaml
PERF_0015,performance,TPC-H,query8.sql；TPC-H Query 8 / National Market Share Query；unmaterialized qgen template,external,draft performance case with source/provenance populated；executable materialization pending,staged,scaffolded draft（source/provenance populated；materialization/rewrites/validation pending）, ,no,pre_skeleton,incomplete,staged_not_yet_admitted,补可执行 source materialization、rewrites、DDL/data/checker、首轮执行与计划验证,draft_perf_scaffold,draft_constructed,not_yet_admitted,not_under_review,missing_materialization_rewrites_and_validation_evidence,NA_not_reviewed,2026-04-19,cases/PERF/PERF_0015/manifest.yaml
PERF_0016,performance,TPC-H,query9.sql；TPC-H Query 9 / Product Type Profit Measure Query；unmaterialized qgen template,external,draft performance case with source/provenance populated；executable materialization pending,staged,scaffolded draft（source/provenance populated；materialization/rewrites/validation pending）, ,no,pre_skeleton,incomplete,staged_not_yet_admitted,补可执行 source materialization、rewrites、DDL/data/checker、首轮执行与计划验证,draft_perf_scaffold,draft_constructed,not_yet_admitted,not_under_review,missing_materialization_rewrites_and_validation_evidence,NA_not_reviewed,2026-04-19,cases/PERF/PERF_0016/manifest.yaml
LONGTAIL_0001,longtail,manual_seed,手工构造 long-tail anchor case（非外部 benchmark）,manual,stable pilot anchor,pilot_anchor,anchor package; 尚未按 formal skeleton validator 全量回扫,pg|mysql|spark,yes,not_backfilled,not_assessed,none_needed,后续统一 package 工艺后再做 schema/validator 回扫,structure_rich_longtail_anchor,archetype_complete,common-core,not_applicable_anchor,none_current,NA_anchor,2026-04-18,docs/EXECUTION_STATUS.md
LONGTAIL_0002,longtail,SQLStorm,SQLStorm / StackOverflow workload seed,external,PG-validated draft with positive/negative pair,staged,formal skeleton complete; release-grade incomplete（PG-only validated）,pg,no,complete,incomplete,staged_not_yet_admitted,补 MySQL / Spark 验证；当前先保留为 long-tail coverage case，不急于推进 common-core,longtail_structure_cover_case,archetype_complete,not_yet_admitted,not_yet_admitted,missing_multi_engine_closure_for_common_core,benchmark_spec/reviews/BATCH1_EXTERNAL_CASE_REVIEW_v1.md,2026-04-18,docs/EXECUTION_STATUS.md
CONS_0001,consistency,manual_seed,手工 consistency 锚点包；小型员工 witness 数据,manual,stable pilot anchor,pilot_anchor,anchor package; 尚未按 formal skeleton validator 全量回扫,pg|mysql|spark,yes,not_backfilled,not_assessed,none_needed,后续统一 package 工艺后再做 schema/validator 回扫,correctness_anchor,archetype_complete,common-core,not_applicable_anchor,none_current,NA_anchor,2026-04-18,docs/EXECUTION_STATUS.md
CONS_0002,consistency,Calcite,core/src/test/resources/sql/new-decorr.iq,external,PG-validated draft with positive/negative pair,staged,staged draft（pre-skeleton / 尚未完全回填 formal package 结构）,pg,no,pre_skeleton,incomplete,staged_not_yet_admitted,补 broader engine validation；补 formal skeleton,calcite_seed_consistency_draft,witness_validated,not_yet_admitted,not_yet_admitted,missing_formal_skeleton_and_broader_engine_validation,benchmark_spec/reviews/BATCH1_EXTERNAL_CASE_REVIEW_v1.md,2026-04-18,docs/EXECUTION_STATUS.md
CONS_0003,consistency,VeriEQL,Calcite-397 / 159,external,PG + MySQL validated staged consistency draft,staged,formal skeleton complete; release-grade incomplete,pg|mysql,partial,complete,incomplete,staged_not_yet_admitted,补 Spark closure；或继续补 AST / IR / mapping / checker,consistency_supplement_draft,witness_validated,not_yet_admitted,not_under_review,missing_spark_closure_or_formal_review,NA_not_reviewed,2026-04-18,docs/EXECUTION_STATUS.md
CONS_0004,consistency,VeriEQL,Calcite-397 / 362,external,PG + MySQL validated staged consistency draft,staged,formal skeleton complete; release-grade incomplete,pg|mysql,partial,complete,incomplete,staged_not_yet_admitted,补 Spark closure；与 CONS_0003 同步推进,consistency_supplement_draft,witness_validated,not_yet_admitted,not_under_review,missing_spark_closure_or_formal_review,NA_not_reviewed,2026-04-18,docs/EXECUTION_STATUS.md
PORT_0001,portability,manual_seed,repo 内 portability anchor；非外部 seed,manual,stable pilot anchor,pilot_anchor,anchor package; 尚未按新 formal skeleton validator 全量回扫,pg|mysql|spark,yes,not_backfilled,not_assessed,none_needed,后续统一 package 工艺后再按新 schema/validator 回扫,clean_portability_anchor,archetype_complete,common-core,not_applicable_anchor,none_current,NA_anchor,2026-04-18,docs/EXECUTION_STATUS.md
PORT_0002,portability,PARROT,BIRD pg_res.json[0],external,admitted external common-core,common-core,formal skeleton complete; release-grade incomplete,pg|mysql|spark,yes,complete,incomplete,admitted,优先做 portability-specific checker / deeper observability，而不是继续争 admission,first_external_portability_reference,admitted_common_core,common-core,admitted_common_core,none_current,benchmark_spec/reviews/BATCH1_EXTERNAL_CASE_REVIEW_v1.md,2026-04-18,docs/EXECUTION_STATUS.md